{"ayala center cebu|cebu city": [10.3178116, 123.904585], "ayala fairview terraces|quezon city": [14.7364859, 121.0600276], "ayala malls central bloc|cebu city": [10.3306902, 123.9076427], "ayala malls cloverleaf|quezon city": [14.6551127, 121.0006715], "ayala malls feliz|pasig city": [14.6197802, 121.0940314], "ayala malls manila bay|para\u00f1aque city": [14.5233998, 120.9880838], "centrio mall|cagayan de oro": [8.4844656, 124.6517935], "citymall anabu imus|imus": [14.3986508, 120.9395703], "citymall bocaue|bocaue": [14.7831536, 120.9349753], "citymall mandalagan bacolod|bacolod city": null, "ayala malls circuit|makati city": [14.5731404, 121.0192376], "ayala malls vertis north|quezon city": [14.6517685, 121.0357926], "bichara silverscreens|legazpi city": [13.14905, 123.7525058], "gaisano mall davao|davao city": [7.0776251, 125.6141467], "gaisano mall of digos|digos city": [6.7591379, 125.3463099], "gaisano mall of toril|davao city": [7.0164362, 125.493796], "gaisano mall tagum|tagum city": [7.4492929, 125.8119786], "gateway mall 2|quezon city": [14.6202292, 121.0529934], "glorietta 4|makati city": [14.5511876, 121.0260267], "sm aura premier|taguig": [14.5459568, 121.0540414], "sm cdo downtown premier|cagayan de oro": [8.48434, 124.6546655], "sm city bf para\u00f1aque|para\u00f1aque": [14.4573274, 121.0331816], "sm city bacolod|bacolod city": null, "sm city baguio|baguio city": [16.408943, 120.599174], "sm city batangas|batangas": [13.7555417, 121.06878], "sm city bicutan|para\u00f1aque": [14.4872202, 121.0435494], "sm city butuan|butuan city": [8.9454876, 125.533729], "sm city cabanatuan|cabanatuan": [15.4668497, 120.9550739], "sm city calamba|calamba": [14.2031846, 121.1549346], "festive walk iloilo|iloilo city": [10.7170583, 122.5462299], "lucky chinatown|manila": [14.6032191, 120.9735632], "southwoods mall|bi\u00f1an": [14.3314994, 121.0504575], "alabang town center|muntinlupa": [14.4236675, 121.0297176], "ayala malls capitol central|bacolod city": null, "ayala malls legazpi|legazpi city": [13.147289, 123.7520552], "gateway mall|quezon city": [14.6212635, 121.0530284], "sm city grand central|caloocan city": [14.6549675, 120.9847453], "fisher mall|quezon city": [14.6339768, 121.0199457], "fisher mall malabon|malabon": [14.6567285, 120.9607232], "fora filinvest lifemalls|tagaytay city": null, "marquee mall|angeles city": [15.1637006, 120.6102006], "market! market!|taguig": [14.5492886, 121.0559966], "robinsons galleria south|san pedro": [14.3520243, 121.0618698], "robinsons ilocos|san nicolas": [18.1799185, 120.5928194], "power plant|makati city": [14.564981, 121.0365135], "cinema '76|quezon city": null, "clark cityfront mall|angeles city": [15.1659014, 120.5786313], "eastwood citywalk 2|quezon city": [14.6100315, 121.0811298], "sm center sangandaan|caloocan city": [14.6583153, 120.9719176], "kcc mall de zamboanga|zamboanga city": [6.9192453, 122.0736024], "robinsons place antipolo|antipolo city": [14.5956319, 121.1731362], "robinsons place general trias|general trias": [14.3971193, 120.8648394], "robinsons place manila|manila": [14.5764417, 120.9837939], "bonifacio high street|taguig": [14.5511925, 121.0493256]}